Job Title,Company Name,Job Location,Salary Range,Company Link
Digital Systems Officer,PT. Collins Higgins Commodities,Bali,Salary Range is not available,https://www.jobstreet.co.id/id/Collins-Higgins-Commodities-jobs
"Development & Promotion Analyst Staff - Wilayah Kuta, Bali",PT Sinar Sosro,Bali,Salary Range is not available,https://www.jobstreet.co.id/id/Sinar-Sosro-jobs
Data Entry specialist,PT Mangrove Data Group,"Denpasar Barat, Bali","Rp 3,500,000 – Rp 4,500,000 per month",https://www.jobstreet.co.id/id/jobs?advertiserid=62077917
Administrasi Staff Kantor Pemasaran (Denpasar),PT ASURANSI SIMAS JIWA,"Denpasar, Bali",Salary Range is not available,https://www.jobstreet.co.id/id/Simas-Life-Insurance-jobs
Sales Support,PT Surya Cipta Sempurna,"Denpasar, Bali","Rp 3,500,000 – Rp 5,000,000 per month",https://www.jobstreet.co.id/id/SCS-Group-jobs
Korean Administrator,PT Sistar Indonesia,"Kuta Selatan, Bali",Salary Range is not available,https://www.jobstreet.co.id/id/Sistar-Indonesia-jobs
Admin,PT. Duta Padmana Lestari,"Badung, Bali",Salary Range is not available,https://www.jobstreet.co.id/id/jobs?advertiserid=61918017
Admin Pelanggan,PT Sujindo Makmur Cemerlang,"Denpasar Utara, Bali","Rp 2,800,000 – Rp 3,100,000 per month",https://www.jobstreet.co.id/id/jobs?advertiserid=61127842
Operational Staff - Administrasi,Sari Rasa Group,Bali,Salary Range is not available,https://www.jobstreet.co.id/id/Sari-Rasa-Group-jobs
Data Entry,PT In Fashion,"Badung, Bali","Rp 3,500,000 – Rp 4,500,000 per month",https://www.jobstreet.co.id/id/In-Fashion-jobs
Administrasi (Denpasar),Koperasi Karyawan PT Tigaraksa Satria (Kopkara),"Denpasar, Bali",Salary Range is not available,https://www.jobstreet.co.id/id/Tigaraksa-Satria-jobs
Admin ( Bali ),PT Karya Sukses Propertindo,Bali,"Rp 2,000,000 – Rp 2,500,000 per month",https://www.jobstreet.co.id/id/Bandung-Utara-Realty-jobs
Inventory Controller,Paramatex,Bali,Salary Range is not available,https://www.jobstreet.co.id/id/Paramatex-jobs
Planogram Coordinator,PT. Circleka Indonesia Utama,Bali,Salary Range is not available,https://www.jobstreet.co.id/id/Circleka-Indonesia-Utama-jobs
Corporate Account Manager (Bali),PT Cyberindo Aditama (CBN),"Kuta, Bali",Salary Range is not available,https://www.jobstreet.co.id/id/Cyberindo-Aditama-jobs
Costing Staff,PT Morato Bali Jayaraya,"Badung, Bali",Salary Range is not available,https://www.jobstreet.co.id/id/PT-Morato-Bali-Jayaraya-jobs
manager hotel rita Bali,CV Apotik Five,Bali,"Rp 4,000,000 – Rp 4,500,000 per month",https://www.jobstreet.co.id/id/jobs?advertiserid=62043565
Procurement Project Leader,PT Avia Technics Dirgantara,"Denpasar, Bali",Salary Range is not available,https://www.jobstreet.co.id/id/Avia-Technics-Dirgantara-jobs
Mandarin Speaking Staff for wedding planner,PT Menaravisi Tour & Travel ( Varawedding ),"Badung, Bali","Rp 7,000,000 – Rp 9,800,000 per month",https://www.jobstreet.co.id/id/Menaravisi-Tour-&amp;-Travel-jobs
Internal Audit Supervisor,PT. SANDS TALK INDONESIA,Bali,Salary Range is not available,https://www.jobstreet.co.id/id/Sands-Talk-Indonesia-jobs
Engineering,Adi Pangan Sejahtera Bali,"Tabanan, Bali","Rp 2,800,000 – Rp 3,000,000 per month",https://www.jobstreet.co.id/id/jobs?advertiserid=61959280
Executive Personal Assistant,Pengiklan Privat,Bali,"Rp 10,000,000 – Rp 15,000,000 per month",Company Link is not available
Marketing Specialist,PT. Smart Advisory Solutions,"Badung, Bali",Rp 8.000.000 – Rp 10.000.000 per month,https://www.jobstreet.co.id/id/Smart-Advisory-Solutions-jobs
JUNIOR STOCK KEEPER - BALI,Boga Group,Bali,Salary Range is not available,https://www.jobstreet.co.id/id/Boga-Group-jobs
OFFICE COORDINATOR,PT.DELTA FOOD DISTRIBUSI,"Denpasar, Bali",Salary Range is not available,https://www.jobstreet.co.id/id/Delta-Food-Distribution-jobs
Wellness Studio Operations Manager,Bali Pravilo Center,Bali,"Rp 10,000,000 – Rp 15,000,000 per month",https://www.jobstreet.co.id/id/jobs?advertiserid=62171172
Area Manager (Bali),PT. Tianxing Cloud Supply Chain (Polibeli),Bali,Salary Range is not available,https://www.jobstreet.co.id/id/Tianxing-Cloud-Supply-Chain-jobs
ADMIN / PA / ACCOUNTANT,Studio Isla,Bali,"Rp 5,000,000 – Rp 7,000,000 per month",https://www.jobstreet.co.id/id/jobs?advertiserid=60278148
SALES ADMIN,PT MANDALA KRIYA SEMESTA,"Denpasar, Bali",Salary Range is not available,https://www.jobstreet.co.id/id/jobs?advertiserid=60227091
Account Executive (Area Denpasar),PT Karya Solusi Prima Sejahtera,Bali,"Rp 6,000,000 – Rp 8,000,000 per month",https://www.jobstreet.co.id/id/Prima-Sejahtera-Solutions-Works-jobs
Head of Business (Bali),Siloam Hospitals Group (Tbk),Bali,Salary Range is not available,https://www.jobstreet.co.id/id/Siloam-Hospitals-Group-jobs
BUSINESS - ASSISTANT,Pengiklan Privat,Bali,Rp 5.000.000 – Rp 7.500.000 per month,Company Link is not available
BUSINESS - ASSISTANT,Rodnik Easy Pro,Bali,Rp 5.000.000 – Rp 7.500.000 per month,https://www.jobstreet.co.id/id/jobs?advertiserid=62189241
Human Resource Assistant Manager,PT Karang Mas Sejahtera,"Badung, Bali",Salary Range is not available,https://www.jobstreet.co.id/id/Karang-Mas-Sejahtera-jobs
Refraksionis Optisien (Refraksi Optisi) (RO) (Optisi Cek Mata) (Optometrist),PT. Samudra Sakti Utama (Sunset Eyewear),"Badung, Bali","Rp 4,000,000 – Rp 5,600,000 per month",https://www.jobstreet.co.id/id/Sunset-Eyewear-jobs
Apoteker Penanggung Jawab,PT. Pakar Jamur Bali,"Denpasar Barat, Bali",Rp 4.000.000 – Rp 5.500.000 per month,https://www.jobstreet.co.id/id/jobs?advertiserid=62196180
Admin Sales,PT Surya Cipta Sempurna,"Denpasar, Bali","Rp 2,500,000 – Rp 3,500,000 per month",https://www.jobstreet.co.id/id/SCS-Group-jobs
SPECIFIER SPECIALIST STAFF AREA BALI,PT Alderon Pratama Indonesia,Bali,Salary Range is not available,https://www.jobstreet.co.id/id/Alderon-Pratama-Indonesia-jobs
HR & GA Manager,Pengiklan Privat,"Denpasar, Bali","Rp 13,500,000 – Rp 15,000,000 per month",Company Link is not available
Executive Personal Assistant,Pengiklan Privat,Bali,"Rp 10,000,000 – Rp 15,000,000 per month",Company Link is not available
Accounting & Tax Specialist (Bali),PT Cekindo Business International,"Denpasar, Bali",Salary Range is not available,https://www.jobstreet.co.id/id/Cekindo-Business-International-jobs
Estimating Engineer,PT. THE CUBE GROUP,"Badung, Bali","Rp 5,000,000 – Rp 6,000,000 per month",https://www.jobstreet.co.id/id/jobs?advertiserid=61844996
Social Media Specialist (Instagram),Rama Digital Agency,Bali,"Rp 3,000,000 – Rp 3,500,000 per month",https://www.jobstreet.co.id/id/jobs?advertiserid=61111669
Purchasing & Procurement - Bali Based,PT Daewoong Pharmaceutical Company Indonesia,"Kuta Utara, Bali",Salary Range is not available,https://www.jobstreet.co.id/id/Daewoong-Pharmaceutical-jobs
Account Manager,VILLA FINDER,Bali,"Rp 5,333,333 – Rp 8,000,000 per month",https://www.jobstreet.co.id/id/Villa+Finder.com-jobs
Social Media Assistant,PT Melium Nusantara (Seminyak Village),"Badung, Bali","Rp 4,000,000 – Rp 5,000,000 per month",https://www.jobstreet.co.id/id/jobs?advertiserid=60912383
Relationship Officer - Penempatan Denpasar,PT BCA Finance,"Denpasar, Bali",Salary Range is not available,https://www.jobstreet.co.id/id/BCA-Multifinance-jobs
Tender Specialist/ Purchasing Specialist,PT. THE CUBE GROUP,Bali,"Rp 5,000,000 – Rp 6,000,000 per month",https://www.jobstreet.co.id/id/jobs?advertiserid=61844996
HR-HUMAN RESOURCE DEPARTMENT,Anaya Aesthetics,"Badung, Bali",Rp 5.000.000 – Rp 7.000.000 per month,https://www.jobstreet.co.id/id/jobs?advertiserid=60476710
Talent and Culture Director,Baked.Indonesia,"Badung, Bali",Salary Range is not available,https://www.jobstreet.co.id/id/Baked.Indonesia-jobs
Sales Corporate,PT. Mora Telematika Indonesia TBK,Bali,Salary Range is not available,https://www.jobstreet.co.id/id/Mora-Telematika-Indonesia-jobs
Structure Design and Calculation Engineer,PT Ecocomplect Group Indonesia,Bali,"Rp 12,000,000 – Rp 18,000,000 per month",https://www.jobstreet.co.id/id/jobs?advertiserid=61183529
Assistant Head Of Sales,PT Bintang Bali Indah,"Denpasar, Bali",Salary Range is not available,https://www.jobstreet.co.id/id/Bintang-Bali-Indah-jobs
HR Operasional,PT Cut Make Trim,Bali,Rp 4.000.000 – Rp 5.000.000 per month,https://www.jobstreet.co.id/id/Cut-Make-Trim-jobs
Modern Market Promotion Supervisor,Savoria Group,"Denpasar, Bali",Salary Range is not available,https://www.jobstreet.co.id/id/Savoria-Group-jobs
Account Receivable,PT Tamora Lautan Biru,Bali,"Rp 3,500,000 – Rp 5,000,000 per month",https://www.jobstreet.co.id/id/jobs?advertiserid=60405274
Pengawas proyek / Supervisor Proyek,DELTACO,Bali,Salary Range is not available,https://www.jobstreet.co.id/id/Deltaco-jobs
Business Relationship Manager (BRM) - Channel Multifinance (Bali),"PT ZURICH ASURANSI INDONESIA, Tbk",Bali,Salary Range is not available,https://www.jobstreet.co.id/id/Zurich-Insurance-Group-jobs
SOCIAL MEDIA SPECIALIST,PT Cemerlang Global Media,"Badung, Bali",Salary Range is not available,https://www.jobstreet.co.id/id/jobs?advertiserid=60872755
Asst. Manager Restaurant,PT KOHEI THE LABEL,Bali,Salary Range is not available,https://www.jobstreet.co.id/id/jobs?advertiserid=61722203
Quantity Surveyor,Saang Contractor,"Badung, Bali",Rp 3.500.000 – Rp 4.000.000 per month,https://www.jobstreet.co.id/id/jobs?advertiserid=62048137
RESERVATION LEISURE CONSULTANT (reservation & quotation) - Bali office,PT Destination Asia,Bali,Salary Range is not available,https://www.jobstreet.co.id/id/Destination-Asia-jobs
Area Manager (East Indonesia) - Based in Bali (Hybrid Working),PT Jobstreet Indonesia,Bali,Salary Range is not available,https://www.jobstreet.co.id/id/JobStreet-by-SEEK-jobs
Marketing Manager,PT. Bali Properti Konstruksi,"Badung, Bali","Rp 7,500,000 – Rp 11,000,000 per month",https://www.jobstreet.co.id/id/Bali-Property-Constructions-jobs
Accounting & Finance,PT Legal Indonesia Service,"Seminyak, Bali",Rp 3.000.000 – Rp 4.500.000 per month,https://www.jobstreet.co.id/id/jobs?advertiserid=62166419
Real Estate Consultant Assistant,Sunrise Real Estate,"Denpasar Selatan, Bali",Rp2.000.000 per month,https://www.jobstreet.co.id/id/jobs?advertiserid=62174688
Site Engineer Proyek,DELTACO,Bali,Salary Range is not available,https://www.jobstreet.co.id/id/Deltaco-jobs
Administrator,Bali Pravilo Center,"Tabanan, Bali","Rp 3,000,000 – Rp 4,500,000 per month",https://www.jobstreet.co.id/id/jobs?advertiserid=62171172
Admin Sales (Bali),PT Penguin Indonesia,Bali,Salary Range is not available,https://www.jobstreet.co.id/id/Penguin-Indonesia-jobs
COE Manager - Learning & Development,PT. EAST INDO FAIR TRADING (EAST BALI CASHEWS),Bali,Salary Range is not available,https://www.jobstreet.co.id/id/East-Indo-Fair-Trading-jobs
E-commerce Operations Assistant,AMZ ASSISTANTS INDONESIA,"Badung, Bali","Rp 3,500,000 – Rp 4,500,000 per month",https://www.jobstreet.co.id/id/jobs?advertiserid=61770680
Supply Chain,PT Harmattan Indonesia ( 69SLAM ),Bali,"Rp 6,000,000 – Rp 7,000,000 per month",https://www.jobstreet.co.id/id/Harmattan-Indonesia-jobs
Project Supervisor,PT ARTE BUILDER,Bali,Salary Range is not available,https://www.jobstreet.co.id/id/jobs?advertiserid=60904651
Sales Staff,PT Interni Selaras Graha Cipta,Bali,Salary Range is not available,https://www.jobstreet.co.id/id/jobs?advertiserid=62115440
DIGITAL MARKETING & COMMUNICATION (URGENT),PT Sehat Muda Abadi,"Kuta, Bali","Rp 4,000,000 – Rp 6,000,000 per month",https://www.jobstreet.co.id/id/jobs?advertiserid=61073850
ADMIN GUDANG,PT Young Indonesia Pratama,Bali,Salary Range is not available,https://www.jobstreet.co.id/id/Young-Indonesia-Pratama-jobs
Finance Accounting Staff,PT Karang Mas Sejahtera,"Badung, Bali",Salary Range is not available,https://www.jobstreet.co.id/id/Karang-Mas-Sejahtera-jobs
Area Sales Promotion Officer (Denpasar),PT Hisamitsu Pharma Indonesia,"Denpasar, Bali",Salary Range is not available,https://www.jobstreet.co.id/id/Hisamitsu-Pharma-Indonesia-jobs
Head of Human Resources,PT Kibarer Properti Bali,"Kuta Utara, Bali",Salary Range is not available,https://www.jobstreet.co.id/id/Kibarer-Property-Bali-jobs
PLANT MANAGER,Pengiklan Privat,Bali,Salary Range is not available,Company Link is not available
E-Commerce Supervisor,Taman Safari Indonesia,"Gianyar, Bali",Rp 4.000.000 – Rp 5.500.000 per month,https://www.jobstreet.co.id/id/Taman-Safari-Indonesia-jobs
Community Development Manager - BALI,Marquee Executive Offices,"Kuta, Bali",Salary Range is not available,https://www.jobstreet.co.id/id/Marquee-Executive-Offices-jobs
Global AMC Coordinator,Green School Bali,"Badung, Bali",Salary Range is not available,https://www.jobstreet.co.id/id/Green-School-Bali-jobs
Kepala Admin Penjualan (Area Bali),Fuboru Indonesia Group,"Denpasar Timur, Bali",Salary Range is not available,https://www.jobstreet.co.id/id/Fuboru-Group-jobs
Admin accounting,Pengiklan Privat,"Badung, Bali","Rp 2,800,000 – Rp 3,200,000 per month",Company Link is not available
Administration Staff (BALI),PT Alternative Media Group,"Badung, Bali",Salary Range is not available,https://www.jobstreet.co.id/id/Alternative-Media-Group-jobs
Real Estate Sales Specialist,PT Nomad Dreams Devepoment,Bali,"Rp 5,000,000 – Rp 7,000,000 per month",https://www.jobstreet.co.id/id/jobs?advertiserid=62043322
Marketing Communication,Best Hostels Indonesia,"Denpasar, Bali","Rp 4,500,000 – Rp 6,300,000 per month",https://www.jobstreet.co.id/id/Best-Hostels-Indonesia-jobs
Consultant/Customer Service,PT. Alat Bantu Dengar Indonesia,"Denpasar, Bali","Rp 3,666,667 – Rp 4,500,000 per month",https://www.jobstreet.co.id/id/Alat-Bantu-Dengar-Indonesia-jobs
Cabin Staff (multiroles Housekeeping & Front Office) - Kintamani Bali,PT. Bobobox Mitra Indonesia,"Kintamani, Bali",Salary Range is not available,https://www.jobstreet.co.id/id/Bobobox-Mitra-Indonesia-jobs
IT Support Specialist,Green School Bali,"Badung, Bali",Salary Range is not available,https://www.jobstreet.co.id/id/Green-School-Bali-jobs
Purchasing Supervisor,Bali Bird Park,"Kabupaten Gianyar, Bali","Rp 4,500,000 – Rp 6,500,000 per month",https://www.jobstreet.co.id/id/Bali-Bird-Park-jobs
General Manager Hotel,Pengiklan Privat,Bali,Salary Range is not available,Company Link is not available
Architectural Drafter,PT. Trinity Palms,Bali,Salary Range is not available,https://www.jobstreet.co.id/id/jobs?advertiserid=62073524
Sales Marketing,ZGAR Indonesia,"Denpasar, Bali",Rp 3.500.000 – Rp 5.250.000 per month,https://www.jobstreet.co.id/id/jobs?advertiserid=61883284
Outlet Manager/ Restaurant Manager,PT. Jabarano Jaya Buana,Bali,Salary Range is not available,https://www.jobstreet.co.id/id/jobs?advertiserid=61995630
Web Programmer,PT APPKEY,"Denpasar, Bali","Rp 3,200,000 – Rp 4,500,000 per month",https://www.jobstreet.co.id/id/Appkey-jobs
NodeJS Developers,PT Mitrais,"Denpasar, Bali",Salary Range is not available,https://www.jobstreet.co.id/id/Mitrais-jobs
General Administrative Assistant,Sugar Head Bali,Bali,"Rp 3,000,000 – Rp 4,000,000 per month",https://www.jobstreet.co.id/id/jobs?advertiserid=60466752
Area Sales Manager OIE (Denpasar),PT Hisamitsu Pharma Indonesia,"Denpasar, Bali",Salary Range is not available,https://www.jobstreet.co.id/id/Hisamitsu-Pharma-Indonesia-jobs
Accounting Spv - Preopening New TS Unit in Bali,PT. Graha Megaria Raya,Bali,Salary Range is not available,https://www.jobstreet.co.id/id/Graha-Megaria-Raya-jobs
Hostess,Locca Sea House,"Badung, Bali","Rp 3,000,000 – Rp 3,250,000 per month",https://www.jobstreet.co.id/id/jobs?advertiserid=61457772
Network Engineer Based Badung-Bali,PT Artha Telekomindo,"Badung, Bali",Salary Range is not available,https://www.jobstreet.co.id/id/Artha-Telekomindo-jobs
Architect Designers ( Interior ) & Drafters,Artalenta Indonesia,Bali,Salary Range is not available,https://www.jobstreet.co.id/id/Artalenta-Indonesia-jobs
Accountant-consultant,Bali Invest Club,Bali,Salary Range is not available,https://www.jobstreet.co.id/id/jobs?advertiserid=61625637
Engineering Technician,PT Indowines,"Petang, Bali",Salary Range is not available,https://www.jobstreet.co.id/id/Indowines-jobs
.NET Developers,PT Mitrais,"Denpasar, Bali",Salary Range is not available,https://www.jobstreet.co.id/id/Mitrais-jobs
Assistant Marketing Manager,Segara Marine Indonesia,Bali,Rp 10.000.000 – Rp 15.000.000 per month,https://www.jobstreet.co.id/id/Segara-Marine-Indonesia-jobs
SALES PROMOTION TEAM LEADER,PT. EAST INDO FAIR TRADING (EAST BALI CASHEWS),"Denpasar Timur, Bali",Salary Range is not available,https://www.jobstreet.co.id/id/East-Indo-Fair-Trading-jobs
HR Generalist,Pengiklan Privat,Bali,"Rp 15,000,000 – Rp 20,000,000 per month",Company Link is not available
Consignment Staff,PT Dream Dare Discover,Bali,Salary Range is not available,https://www.jobstreet.co.id/id/Dream-Dare-Discover-jobs
Team Leader - Bali (Tabanan/Buleleng/Gianyar/Jembrana/Karangasem),PT Amartha Mikro Fintek (Jakarta),Bali,Salary Range is not available,https://www.jobstreet.co.id/id/Amartha-Mikro-Fintek-jobs
Credit Marketing Officer,MyRobin.id,Bali,"Rp 2,700,000 – Rp 5,000,000 per month",https://www.jobstreet.co.id/id/Myrobin-jobs
Senior Tester,PT Mitrais,"Denpasar, Bali",Salary Range is not available,https://www.jobstreet.co.id/id/Mitrais-jobs
"Shopify, E-commerce Professional, Web developer",PT Ayunan Bulan International,"Badung, Bali","Rp 7,500,000 – Rp 11,250,000 per month",https://www.jobstreet.co.id/id/jobs?advertiserid=60899078
Budget Control - QS Project,PT. Prodema Investment Indonesia,"Tabanan, Bali","Rp 3,000,000 – Rp 4,000,000 per month",https://www.jobstreet.co.id/id/jobs?advertiserid=62009154
Personal Assistant,PT Zaya Asia Ventures,Bali,Salary Range is not available,https://www.jobstreet.co.id/id/jobs?advertiserid=62158083
Area Sales Supervisor - Bali Nusra,PT ABC KOGEN DAIRY,Bali,Salary Range is not available,https://www.jobstreet.co.id/id/ABC-Kogen-Dairy-jobs
Assistant Chief Financial Officer Project 6 Months,PT Smart Property Management Solutions,"Badung, Bali",Salary Range is not available,https://www.jobstreet.co.id/id/jobs?advertiserid=61101501
Supervisor Pajak,PT. Sinarbali Binakarya,Bali,"Rp 3,000,000 – Rp 3,500,000 per month",https://www.jobstreet.co.id/id/Sinarbali-Binakarya-jobs
Assistant Finance Manager,PT Indonesia MOC Services (Marriott's Bali Nusa Dua Gardens),"Badung, Bali","Rp 10,000,000 – Rp 20,000,000 per month",https://www.jobstreet.co.id/id/Marriott's-Bali-Nusa-Dua-Gardens-jobs
Admin Sales,PT Mitra Sarana Globalindo,Bali,"Rp 3,000,000 – Rp 3,500,000 per month",https://www.jobstreet.co.id/id/jobs?advertiserid=60942501
IT Sales / Account Manager (Bali Placement),PT Data Labs Analytics,Bali,Salary Range is not available,https://www.jobstreet.co.id/id/Datalabs-jobs
English / Kindergarten Teacher,PT. Hello Smarty Pants,"Badung, Bali",Rp 9.500.000 – Rp 14.100.000 per month,https://www.jobstreet.co.id/id/Hello-Smarty-Pants-jobs
Finance Accounting + Tax & Project Admin,Artalenta Indonesia,Bali,Salary Range is not available,https://www.jobstreet.co.id/id/Artalenta-Indonesia-jobs
Accountant - Bookkeeper,Pengiklan Privat,"Badung, Bali","Rp 10,000,000 – Rp 15,000,000 per month",Company Link is not available
Customer Service Representative,PT. Bali Properti Konstruksi,"Badung, Bali","Rp 3,500,000 – Rp 5,000,000 per month",https://www.jobstreet.co.id/id/Bali-Property-Constructions-jobs
Area Sales Promotion Indonesia Bagian Timur,PT Wajah Rejuvenasi Perempuan Indonesia,Bali,Salary Range is not available,https://www.jobstreet.co.id/id/PT-Wajah-Rejuvenasi-Perempuan-Indonesia-jobs
Admin Warehouse (Bali),PT. MULTIFORTUNA SINARDELTA,Bali,Salary Range is not available,https://www.jobstreet.co.id/id/Multifortuna-Sinardelta-jobs
Retail Marketing Manager (Bali),PT Citra Inti Karya Persada,Bali,Salary Range is not available,https://www.jobstreet.co.id/id/jobs?advertiserid=62139549
IT Support specialist,Real Magick,Bali,Salary Range is not available,https://www.jobstreet.co.id/id/Real-Magick-jobs
Marketing Staff,PT Tunjung Sari Kencana,"Denpasar, Bali",Salary Range is not available,https://www.jobstreet.co.id/id/jobs?advertiserid=62135056
Promotor Elektronik (Area Denpasar),PT Infomedia Solusi Humanika,"Denpasar, Bali","Rp 2,900,000 – Rp 5,800,000 per month",https://www.jobstreet.co.id/id/Infomedia-Solusi-Humanika-jobs
Sales Executive,Locca Sea House,"Badung, Bali","Rp 4,500,000 – Rp 5,500,000 per month",https://www.jobstreet.co.id/id/jobs?advertiserid=61457772
Finance & Accounting Assistant Manager,PT. Planet Selancar Mandiri (Planet Surf),"Badung, Bali","Rp 9,000,000 – Rp 10,000,000 per month",https://www.jobstreet.co.id/id/Planet-Surf-jobs
Digital Marketing Specialist,PT Jensen Group Bali,"Badung, Bali",Salary Range is not available,https://www.jobstreet.co.id/id/jobs?advertiserid=62137526
Senior Accounting & Tax Supervisor,Samara Lombok,Bali,"Rp 7,000,000 – Rp 9,000,000 per month",https://www.jobstreet.co.id/id/Samara-Lombok-jobs
STAFF SENIOR ACCOUNTING,PT Mastrada Surya,"Denpasar, Bali",Salary Range is not available,https://www.jobstreet.co.id/id/jobs?advertiserid=60875808
"Area Sales Supervisor (Denpasar, Bali)",PT Arya Noble,"Denpasar, Bali",Salary Range is not available,https://www.jobstreet.co.id/id/Arya-Noble-jobs
Bancassurance Relationship Officer Penempatan Bank BPD Bali Area Seluruh Bali,PT Equity Life Indonesia,Bali,Salary Range is not available,https://www.jobstreet.co.id/id/Equity-Life-Indonesia-jobs
Social Media Manager / Creator,PT. Trinity Palms,"Badung, Bali","Rp 6,000,000 – Rp 8,000,000 per month",https://www.jobstreet.co.id/id/jobs?advertiserid=62073524
ADMINISTRASI,Mebelku Bali,"Badung, Bali",Salary Range is not available,https://www.jobstreet.co.id/id/jobs?advertiserid=62139715
PPIC,ALTARIZE,"Badung, Bali","Rp 3,500,000 – Rp 4,500,000 per month",https://www.jobstreet.co.id/id/jobs?advertiserid=61928358
Estimator/Quantity Surveyor,PT Jensen Group Bali,"Badung, Bali",Salary Range is not available,https://www.jobstreet.co.id/id/jobs?advertiserid=62137526
Data Analyst,Isixi Private Limited,"Denpasar, Bali",Salary Range is not available,https://www.jobstreet.co.id/id/Isixi-jobs
Data Entry,PT Jaya Pratama Groserindo,"Abiansemal, Bali",Salary Range is not available,https://www.jobstreet.co.id/id/Jaya-Pratama-Groserindo-jobs
Data Entry,Company Confidential,Bali,Salary Range is not available,https://www.jobstreet.co.id/id/jobs?advertiserid=61941078
Staff Administrasi,RED Group,"Badung, Bali",Salary Range is not available,https://www.jobstreet.co.id/id/jobs?advertiserid=61941078
Staff Admin,Aku Boutique,Bali,Salary Range is not available,https://www.jobstreet.co.id/id/jobs?advertiserid=61941078
Admin,PT Sempoa Sip Indonesia,"Kuta Utara, Bali",Salary Range is not available,https://www.jobstreet.co.id/id/Sempoa-SIP-jobs
Staff Admin Storage,Studio17,"Kuta Utara, Bali",Salary Range is not available,https://www.jobstreet.co.id/id/jobs?advertiserid=61941078
Staf Administrasi,Pool Wise Indonesia,"Kuta Utara, Bali",Salary Range is not available,https://www.jobstreet.co.id/id/jobs?advertiserid=61941078
Management Trainee,Isixi Private Limited,"Denpasar, Bali",Salary Range is not available,https://www.jobstreet.co.id/id/Isixi-jobs
Admin,Samada Group,"Kuta Utara, Bali",Salary Range is not available,https://www.jobstreet.co.id/id/jobs?advertiserid=61941078
Production Admin,PT Mitra Prodin,"Sukawati, Bali",Salary Range is not available,https://www.jobstreet.co.id/id/Mitra-Prodin-jobs
Admin Club,Fitness Plus Indonesia,"Kuta, Bali",Salary Range is not available,https://www.jobstreet.co.id/id/Fitness-Plus-jobs
Admin,Company Confidential,Bali,Salary Range is not available,https://www.jobstreet.co.id/id/jobs?advertiserid=61941078
Admin Service,GWM Tech,Bali,Salary Range is not available,https://www.jobstreet.co.id/id/jobs?advertiserid=61941078
Cashier/Admin,Company Confidential,"Badung, Bali",Salary Range is not available,https://www.jobstreet.co.id/id/jobs?advertiserid=61941078
Administrasi,Company Confidential,Bali,Salary Range is not available,https://www.jobstreet.co.id/id/jobs?advertiserid=61941078
Data Architect,Isixi Private Limited,"Denpasar, Bali",Salary Range is not available,https://www.jobstreet.co.id/id/Isixi-jobs
General Admin,Company Confidential,Bali,Salary Range is not available,https://www.jobstreet.co.id/id/jobs?advertiserid=61941078
Administrasi,Company Confidential,Bali,Salary Range is not available,https://www.jobstreet.co.id/id/jobs?advertiserid=61941078
Administrasi,Company Confidential,"Denpasar, Bali",Salary Range is not available,https://www.jobstreet.co.id/id/jobs?advertiserid=61941078
Admin Ekspor & Impor,PT Quiksilver Indonesia,"Kuta, Bali",Salary Range is not available,https://www.jobstreet.co.id/id/Quiksilver-jobs
Staff Admin Store,PT Sentral Retailindo Dewata,"Kuta, Bali",Salary Range is not available,https://www.jobstreet.co.id/id/Sentral-Retailindo-Dewata-jobs
IT Staff,Company Confidential,"Kuta Selatan, Bali",Salary Range is not available,https://www.jobstreet.co.id/id/jobs?advertiserid=61941078
Administrasi/Logistik Proyek,Company Confidential,"Denpasar, Bali",Salary Range is not available,https://www.jobstreet.co.id/id/jobs?advertiserid=61941078
Structure Analyst,Company Confidential,"Kuta Utara, Bali",Salary Range is not available,https://www.jobstreet.co.id/id/jobs?advertiserid=61941078
Business Analsyt,Isixi Private Limited,"Denpasar, Bali",Salary Range is not available,https://www.jobstreet.co.id/id/Isixi-jobs
Admin Rental,Company Confidential,Bali,Salary Range is not available,https://www.jobstreet.co.id/id/jobs?advertiserid=61941078
Administrasi,Company Confidential,"Kuta, Bali",Salary Range is not available,https://www.jobstreet.co.id/id/jobs?advertiserid=61941078
Kasir Admin,Company Confidential,"Kuta Utara, Bali",Salary Range is not available,https://www.jobstreet.co.id/id/jobs?advertiserid=61941078
Staf Administrasi,Company Confidential,"Kuta, Bali",Salary Range is not available,https://www.jobstreet.co.id/id/jobs?advertiserid=61941078
Staff Administrasi,Company Confidential,Bali,Salary Range is not available,https://www.jobstreet.co.id/id/jobs?advertiserid=61941078
Reservation Admin,Company Confidential,"Badung, Bali",Salary Range is not available,https://www.jobstreet.co.id/id/jobs?advertiserid=61941078
ADMIN,Company Confidential,Bali,Salary Range is not available,https://www.jobstreet.co.id/id/jobs?advertiserid=61941078
Admin,Company Confidential,"Denpasar, Bali",Salary Range is not available,https://www.jobstreet.co.id/id/jobs?advertiserid=61941078
Staff Admin,Company Listings ID,"Denpasar, Bali",Salary Range is not available,https://www.jobstreet.co.id/id/jobs?advertiserid=61941078
Staff Admin,Company Listings ID,"Badung, Bali",Salary Range is not available,https://www.jobstreet.co.id/id/jobs?advertiserid=61941078
Administration Staff,Company Listings ID,"Denpasar, Bali",Salary Range is not available,https://www.jobstreet.co.id/id/jobs?advertiserid=61941078
Admin,Company Listings ID,"Gianyar, Bali",Salary Range is not available,https://www.jobstreet.co.id/id/jobs?advertiserid=61941078
Admin,Company Listings ID,"Badung, Bali",Salary Range is not available,https://www.jobstreet.co.id/id/jobs?advertiserid=61941078
Admin,Company Listings ID,"Badung, Bali",Salary Range is not available,https://www.jobstreet.co.id/id/jobs?advertiserid=61941078
Admin Reservasi,Company Listings ID,"Badung, Bali",Salary Range is not available,https://www.jobstreet.co.id/id/jobs?advertiserid=61941078
Admin Incoming,Company Listings ID,"Denpasar, Bali",Salary Range is not available,https://www.jobstreet.co.id/id/jobs?advertiserid=61941078
Admin,cv mitra pabrik indonesia,"Kuta, Bali",Salary Range is not available,https://www.jobstreet.co.id/id/jobs?advertiserid=62013802
Admin,Company Listings ID,"Badung, Bali",Salary Range is not available,https://www.jobstreet.co.id/id/jobs?advertiserid=61941078
ADMIN RESTAURANT,Company Listings ID,"Kuta, Bali",Salary Range is not available,https://www.jobstreet.co.id/id/jobs?advertiserid=61941078
Office boy,Company Listings ID,"Badung, Bali",Salary Range is not available,https://www.jobstreet.co.id/id/jobs?advertiserid=61941078
Administrasi Prpject,Company Listings ID,"Gianyar, Bali",Salary Range is not available,https://www.jobstreet.co.id/id/jobs?advertiserid=61941078
Admin Purchasing,ATLANTIC JAYA MAKMUR,Bali,Salary Range is not available,https://www.jobstreet.co.id/id/jobs?advertiserid=61941078
Staff Laundry,Intan Laundry,Bali,Salary Range is not available,https://www.jobstreet.co.id/id/jobs?advertiserid=61941078
Staff Laundry,Ramah Laundry,"Sukawati, Bali",Salary Range is not available,https://www.jobstreet.co.id/id/jobs?advertiserid=61941078
ADMIN,Seribu Kunci,Bali,Salary Range is not available,https://www.jobstreet.co.id/id/jobs?advertiserid=61941078
Branch Sales Executive,PT Mandiri Andalan Utama,"Denpasar, Bali",Salary Range is not available,https://www.jobstreet.co.id/id/Mandiri-Andalan-Utama-jobs
SUPERVISOR PENAGIHAN,PT. BALIFOAM NUSAMEGAH,Bali,Salary Range is not available,https://www.jobstreet.co.id/id/Balifoam-Nusamegah-jobs
Staff Laundry,Laundry Stack,"Denpasar Barat, Bali",Salary Range is not available,https://www.jobstreet.co.id/id/jobs?advertiserid=61941078
Staff Admin,Bali Hotel  Amenities,"Banjar, Bali",Salary Range is not available,https://www.jobstreet.co.id/id/jobs?advertiserid=61941078
SALES & MARKETING,CV Citra Hutama,"Kuta Utara, Bali",Salary Range is not available,https://www.jobstreet.co.id/id/jobs?advertiserid=61941078
Staff Laundry,Dasih Laundry,"Seminyak, Bali",Salary Range is not available,https://www.jobstreet.co.id/id/jobs?advertiserid=61941078
Kurir Laundry,Dasih Laundry,"Seminyak, Bali",Salary Range is not available,https://www.jobstreet.co.id/id/jobs?advertiserid=61941078
Staff Laundry,Gian Laundry,"Badung, Bali",Salary Range is not available,https://www.jobstreet.co.id/id/jobs?advertiserid=61941078
Staff Laundry,Ez Laundry Service Bali,Bali,Salary Range is not available,https://www.jobstreet.co.id/id/jobs?advertiserid=61941078
Staff Admin,MY KONVEKSI,Bali,Salary Range is not available,https://www.jobstreet.co.id/id/Konveksi-jobs
Admin Kantor,Company Confidential,"Denpasar, Bali",Salary Range is not available,https://www.jobstreet.co.id/id/jobs?advertiserid=61941078
ADMIN ACCOUNTING,PT. Daikin Applied Solutions Indonesia,"Tegallalang, Bali",Salary Range is not available,https://www.jobstreet.co.id/id/Daikin-jobs
General Affair,Misanto Coffee And Eatery Meetings sebagai rekruter PT. Karya Resto Sukses,"Kuta Utara, Bali",Salary Range is not available,https://www.jobstreet.co.id/id/jobs?advertiserid=61941078
Konten Kreator,Company Confidential,"Kuta Utara, Bali",Salary Range is not available,https://www.jobstreet.co.id/id/jobs?advertiserid=61941078
Mitra Kurir,Company Confidential,"Denpasar, Bali",Salary Range is not available,https://www.jobstreet.co.id/id/jobs?advertiserid=61941078
Accounting,Yamaha Music Manufacturing Asia,Bali,Salary Range is not available,https://www.jobstreet.co.id/id/Yamaha-Music-jobs
Staff Admnistrasi,PT. Alqurni Bagas Pratama,Bali,Salary Range is not available,https://www.jobstreet.co.id/id/jobs?advertiserid=61941078
Waiter/ss,Company Confidential,"Kuta Utara, Bali",Salary Range is not available,https://www.jobstreet.co.id/id/jobs?advertiserid=61941078
Staff Administrasi,Company Confidential,Bali,Salary Range is not available,https://www.jobstreet.co.id/id/jobs?advertiserid=61941078
SALES,PT SHISHA SUKA BALI,"Seminyak, Bali",Salary Range is not available,https://www.jobstreet.co.id/id/jobs?advertiserid=61941078
Senior HR,BIASA Group,"Kuta Utara, Bali",Salary Range is not available,https://www.jobstreet.co.id/id/jobs?advertiserid=61941078
Admin,Company Confidential,"Penebel, Bali",Salary Range is not available,https://www.jobstreet.co.id/id/jobs?advertiserid=61941078
Staff Marketing,Company Confidential,Bali,Salary Range is not available,https://www.jobstreet.co.id/id/jobs?advertiserid=61941078
CASHIER,Le Petit Jemma,Bali,Salary Range is not available,https://www.jobstreet.co.id/id/jobs?advertiserid=61941078
Admin,Praktek dokter gigi AA Vitra,"Denpasar Selatan, Bali",Salary Range is not available,https://www.jobstreet.co.id/id/jobs?advertiserid=61941078
Reservation DW,La Brisa - LYD Group,"Kuta Utara, Bali",Salary Range is not available,https://www.jobstreet.co.id/id/jobs?advertiserid=61941078
Staff Laundry,Yoi Laundry,"Kuta Selatan, Bali",Salary Range is not available,https://www.jobstreet.co.id/id/jobs?advertiserid=61941078
Staff Administrasi/Tata Usaha,Happy Kidz Bali,"Kuta Utara, Bali",Salary Range is not available,https://www.jobstreet.co.id/id/jobs?advertiserid=61941078
Sales Executive,PT SHISHA SUKA BALI,"Badung, Bali",Salary Range is not available,https://www.jobstreet.co.id/id/jobs?advertiserid=61941078
Marketing,SKY GARDEN BALI,"Kuta, Bali",Salary Range is not available,https://www.jobstreet.co.id/id/jobs?advertiserid=61941078
COST CONTROLER,PT Sentral Retailindo Dewata,"Kuta, Bali",Salary Range is not available,https://www.jobstreet.co.id/id/Sentral-Retailindo-Dewata-jobs
Admin Purchasing,Angkasa Bali,"Denpasar Barat, Bali",Salary Range is not available,https://www.jobstreet.co.id/id/jobs?advertiserid=61941078
Staff Laundry,Nibor Laundry,"Kuta, Bali",Salary Range is not available,https://www.jobstreet.co.id/id/jobs?advertiserid=61941078
Staff Counter,realme,"Penebel, Bali",Salary Range is not available,https://www.jobstreet.co.id/id/realme-jobs
Admin Akuntan,PT. Bundaran Renon Agro Boga,"Tegallalang, Bali",Salary Range is not available,https://www.jobstreet.co.id/id/jobs?advertiserid=61941078
Staff Accounting,NOMAD HUB,"Kuta Utara, Bali",Salary Range is not available,https://www.jobstreet.co.id/id/jobs?advertiserid=61941078
Live Streamer,Zuma,"Denpasar, Bali",Salary Range is not available,https://www.jobstreet.co.id/id/jobs?advertiserid=61941078
Accounting,Angkasa Bali,"Denpasar Barat, Bali",Salary Range is not available,https://www.jobstreet.co.id/id/jobs?advertiserid=61941078
STAFF LAUNDRY,MUTIARA LAUNDRY,Bali,Salary Range is not available,https://www.jobstreet.co.id/id/jobs?advertiserid=61941078
Admin Toko,Company Confidential,Bali,Salary Range is not available,https://www.jobstreet.co.id/id/jobs?advertiserid=61941078
Steward,Company Confidential,"Kuta Utara, Bali",Salary Range is not available,https://www.jobstreet.co.id/id/jobs?advertiserid=61941078
Cook,Company Confidential,"Kuta Utara, Bali",Salary Range is not available,https://www.jobstreet.co.id/id/jobs?advertiserid=61941078
Bar,Company Confidential,"Kuta Utara, Bali",Salary Range is not available,https://www.jobstreet.co.id/id/jobs?advertiserid=61941078
Admin Wholesale,PT Dream Dare Discover,Bali,Salary Range is not available,https://www.jobstreet.co.id/id/Dream-Dare-Discover-jobs
Admin Petshop,Clo Petshop Cab Tukad Badung,Bali,Salary Range is not available,https://www.jobstreet.co.id/id/jobs?advertiserid=61941078
HRGA Admin,Cahaya Boga Utama,"Denpasar Barat, Bali",Salary Range is not available,https://www.jobstreet.co.id/id/jobs?advertiserid=61941078
Admin Finance,PT Global Jet Express,Bali,Salary Range is not available,https://www.jobstreet.co.id/id/J&amp;T-Express-jobs
Head Accounting,Groza Indonesia,Bali,Salary Range is not available,https://www.jobstreet.co.id/id/jobs?advertiserid=61941078
Live Streamer,PT Dream Dare Discover,Bali,Salary Range is not available,https://www.jobstreet.co.id/id/Dream-Dare-Discover-jobs
Receptionist,Susinggit Villa,Bali,Salary Range is not available,https://www.jobstreet.co.id/id/jobs?advertiserid=61941078
Admin Toko,Company Confidential,Bali,Salary Range is not available,https://www.jobstreet.co.id/id/jobs?advertiserid=61941078
Sales & Marketing Supervisor,BIA DENTAL CENTER,"Seminyak, Bali",Salary Range is not available,https://www.jobstreet.co.id/id/jobs?advertiserid=61941078
Surveyor,PT Uma Konstruksi dan Properti,"Kuta Utara, Bali",Salary Range is not available,https://www.jobstreet.co.id/id/jobs?advertiserid=61941078
Admin,Stefany Layata Makeup Artist,Bali,Salary Range is not available,https://www.jobstreet.co.id/id/jobs?advertiserid=61941078
Staff Admin,Company Confidential,"Sukawati, Bali",Salary Range is not available,https://www.jobstreet.co.id/id/jobs?advertiserid=61941078
Admiistrasi,Company Confidential,Bali,Salary Range is not available,https://www.jobstreet.co.id/id/jobs?advertiserid=61941078
Accounts Clerk,Lettuce Havemore Joy,"Denpasar Selatan, Bali",Salary Range is not available,https://www.jobstreet.co.id/id/jobs?advertiserid=61941078
IT,Eden Hookah Club,"Kuta Utara, Bali",Salary Range is not available,https://www.jobstreet.co.id/id/jobs?advertiserid=61941078
Social Media Specialist,SKY GARDEN BALI,"Kuta, Bali",Salary Range is not available,https://www.jobstreet.co.id/id/jobs?advertiserid=61941078
accounting,PT Ida Dwi Putra (IDP Cargo),"Kuta Utara, Bali",Salary Range is not available,https://www.jobstreet.co.id/id/jobs?advertiserid=61941078
Customer Relationship Officer (CRO),PT Astra International Tbk - Daihatsu Sales Operation (Astra Daihatsu),Bali,Salary Range is not available,https://www.jobstreet.co.id/id/Astra-Daihatsu-Motor-jobs
Reservation,Company Confidential,"Kuta Selatan, Bali",Salary Range is not available,https://www.jobstreet.co.id/id/jobs?advertiserid=61941078
HR Officer,Nyanyi Bali Development,"Kuta Utara, Bali",Salary Range is not available,https://www.jobstreet.co.id/id/jobs?advertiserid=61941078
IT Administrator,PT Bima Sakti Alterra,"Badung, Bali",Salary Range is not available,https://www.jobstreet.co.id/id/Bima-Sakti-Alterra-jobs
PENAGIHAN,PT. BALIFOAM NUSAMEGAH,Bali,Salary Range is not available,https://www.jobstreet.co.id/id/Balifoam-Nusamegah-jobs
Community Manager,Company Confidential,"Kuta Utara, Bali",Salary Range is not available,https://www.jobstreet.co.id/id/jobs?advertiserid=61941078
Oprational Team,LH Travels (PT. Trio Pesona Perkasa),Bali,Salary Range is not available,https://www.jobstreet.co.id/id/jobs?advertiserid=61941078
Business Manager - Bali,PT Amartha Mikro Fintek (Jakarta),"Jembrana, Bali",Salary Range is not available,https://www.jobstreet.co.id/id/Amartha-Mikro-Fintek-jobs
Akunting,Company Confidential,"Badung, Bali",Salary Range is not available,https://www.jobstreet.co.id/id/jobs?advertiserid=61941078
Admin,Company Confidential,"Buleleng, Bali",Salary Range is not available,https://www.jobstreet.co.id/id/jobs?advertiserid=61941078
Purchasing,Company Confidential,"Kuta Utara, Bali",Salary Range is not available,https://www.jobstreet.co.id/id/jobs?advertiserid=61941078
Staff Laundry,Company Confidential,"Kuta Selatan, Bali",Salary Range is not available,https://www.jobstreet.co.id/id/jobs?advertiserid=61941078
Logistik,Company Confidential,Bali,Salary Range is not available,https://www.jobstreet.co.id/id/jobs?advertiserid=61941078
Operational Manager (Night Club),Red Ruby,"Kuta Utara, Bali",Salary Range is not available,https://www.jobstreet.co.id/id/Red-Ruby-jobs
Sales Admin,Company Confidential,"Abiansemal, Bali",Salary Range is not available,https://www.jobstreet.co.id/id/jobs?advertiserid=61941078
Business Relationship Officer,"PT Bank Danamon Indonesia, Tbk","Denpasar, Bali",Salary Range is not available,https://www.jobstreet.co.id/id/Bank-Danamon-jobs
ACCOUNTING,Company Confidential,"Kuta Selatan, Bali",Salary Range is not available,https://www.jobstreet.co.id/id/jobs?advertiserid=61941078
Staff Laundry,Company Confidential,Bali,Salary Range is not available,https://www.jobstreet.co.id/id/jobs?advertiserid=61941078
Staff Inventory Control,Company Confidential,Bali,Salary Range is not available,https://www.jobstreet.co.id/id/jobs?advertiserid=61941078
Sosial Media Manager (Digital Marketing),Company Confidential,"Abiansemal, Bali",Salary Range is not available,https://www.jobstreet.co.id/id/jobs?advertiserid=61941078
Staff Administrasi,Company Confidential,"Denpasar Barat, Bali",Salary Range is not available,https://www.jobstreet.co.id/id/jobs?advertiserid=61941078
Staff Laundry,Company Confidential,"Denpasar Selatan, Bali",Salary Range is not available,https://www.jobstreet.co.id/id/jobs?advertiserid=61941078
Admin,Company Listings ID,"Denpasar, Bali",Salary Range is not available,https://www.jobstreet.co.id/id/jobs?advertiserid=61941078
Accounting,Company Confidential,"Kuta Utara, Bali",Salary Range is not available,https://www.jobstreet.co.id/id/jobs?advertiserid=61941078
ADMIN RESTORAN,Company Confidential,"Kuta Utara, Bali",Salary Range is not available,https://www.jobstreet.co.id/id/jobs?advertiserid=61941078
Staff Inventory Control,Company Confidential,Bali,Salary Range is not available,https://www.jobstreet.co.id/id/jobs?advertiserid=61941078
HR Admin,Company Listings ID,"Denpasar Utara, Bali",Salary Range is not available,https://www.jobstreet.co.id/id/jobs?advertiserid=61941078
Jabatan Business Relationship Officer,"PT Bank Danamon Indonesia, Tbk",Bali,Salary Range is not available,https://www.jobstreet.co.id/id/Bank-Danamon-jobs
Staff Admin Marketing,Company Confidential,"Denpasar Selatan, Bali",Salary Range is not available,https://www.jobstreet.co.id/id/jobs?advertiserid=61941078
Staff General Admin,Company Confidential,"Denpasar Selatan, Bali",Salary Range is not available,https://www.jobstreet.co.id/id/jobs?advertiserid=61941078
Administrasi,Company Confidential,"Kuta Selatan, Bali",Salary Range is not available,https://www.jobstreet.co.id/id/jobs?advertiserid=61941078
KARYAWAN LAUNDRY,Company Confidential,"Mengwi, Bali",Salary Range is not available,https://www.jobstreet.co.id/id/jobs?advertiserid=61941078
System Administrator,PT Bima Sakti Alterra,"Badung, Bali",Salary Range is not available,https://www.jobstreet.co.id/id/Bima-Sakti-Alterra-jobs
Marketing Specialist,Company Confidential,"Denpasar, Bali",Salary Range is not available,https://www.jobstreet.co.id/id/jobs?advertiserid=61941078
Front Office,Company Confidential,"Ubud, Bali",Salary Range is not available,https://www.jobstreet.co.id/id/jobs?advertiserid=61941078
General Cashier & Purchasing Agent,W Hotels,"Seminyak, Bali",Salary Range is not available,https://www.jobstreet.co.id/id/W-Hotel-jobs
Admin,Company Listings ID,"Denpasar, Bali",Salary Range is not available,https://www.jobstreet.co.id/id/jobs?advertiserid=61941078
Karyawan Laundry,Company Confidential,"Denpasar Barat, Bali",Salary Range is not available,https://www.jobstreet.co.id/id/jobs?advertiserid=61941078
Admin,Company Listings ID,"Denpasar, Bali",Salary Range is not available,https://www.jobstreet.co.id/id/jobs?advertiserid=61941078
LEGAL,Company Confidential,"Denpasar Barat, Bali",Salary Range is not available,https://www.jobstreet.co.id/id/jobs?advertiserid=61941078
Admin Legal,Company Confidential,"Denpasar Barat, Bali",Salary Range is not available,https://www.jobstreet.co.id/id/jobs?advertiserid=61941078
Customer Relations Specialist,Company Confidential,"Kuta Utara, Bali",Salary Range is not available,https://www.jobstreet.co.id/id/jobs?advertiserid=61941078
Staff Admin Produksi,Company Confidential,Bali,Salary Range is not available,https://www.jobstreet.co.id/id/jobs?advertiserid=61941078
Purchasing,Company Confidential,"Seminyak, Bali",Salary Range is not available,https://www.jobstreet.co.id/id/jobs?advertiserid=61941078
Sales / Shop Assistant Canggu,Company Confidential,"Kuta Utara, Bali",Salary Range is not available,https://www.jobstreet.co.id/id/jobs?advertiserid=61941078
Admin Gudang,PT Multi Star Rukun Abadi (Sharon Bakery),"Denpasar Selatan, Bali",Salary Range is not available,https://www.jobstreet.co.id/id/Multi-Star-Rukun-Abadi-jobs
Senior Backend Developer (s.p. Digital),Company Confidential,"Denpasar, Bali",Salary Range is not available,https://www.jobstreet.co.id/id/jobs?advertiserid=61941078
Admin Store,Company Listings ID,"Denpasar, Bali",Salary Range is not available,https://www.jobstreet.co.id/id/jobs?advertiserid=61941078
Store Control,Company Confidential,"Denpasar, Bali",Salary Range is not available,https://www.jobstreet.co.id/id/jobs?advertiserid=61941078
Staff Laundry,Company Confidential,"Nusa Penida, Bali",Salary Range is not available,https://www.jobstreet.co.id/id/jobs?advertiserid=61941078
Tax and Accoounting Team,Company Confidential,"Gianyar, Bali",Salary Range is not available,https://www.jobstreet.co.id/id/jobs?advertiserid=61941078
Marketing,Company Listings ID,"Badung, Bali",Salary Range is not available,https://www.jobstreet.co.id/id/jobs?advertiserid=61941078
Marketing,Company Listings ID,"Denpasar, Bali",Salary Range is not available,https://www.jobstreet.co.id/id/jobs?advertiserid=61941078
Admin Area Denpasar,Ninja Xpress,Bali,Salary Range is not available,https://www.jobstreet.co.id/id/Ninja-Van-jobs
Accounting,Company Listings ID,"Badung, Bali",Salary Range is not available,https://www.jobstreet.co.id/id/jobs?advertiserid=61941078
Social Media Manager,Company Confidential,"Kuta Utara, Bali",Salary Range is not available,https://www.jobstreet.co.id/id/jobs?advertiserid=61941078
Marketing Team,Company Listings ID,"Badung, Bali",Salary Range is not available,https://www.jobstreet.co.id/id/jobs?advertiserid=61941078
Sosial Media Specialist,Company Confidential,"Denpasar, Bali",Salary Range is not available,https://www.jobstreet.co.id/id/jobs?advertiserid=61941078
Sales Agent (SPG/SPB) - Bali,PT Dwi Cermat Indonesia,"Denpasar, Bali",Salary Range is not available,https://www.jobstreet.co.id/id/Dwi-Cermat-Indonesia-jobs
Operasional Supevsor,Politeknik Internasional Bali,"Kuta Utara, Bali",Salary Range is not available,https://www.jobstreet.co.id/id/Politeknik-Internasional-Bali-jobs
HRD,Enak Amazon makanan,"Kuta Utara, Bali",Salary Range is not available,https://www.jobstreet.co.id/id/jobs?advertiserid=60929048
CMO,PT Tirta Rindang Unggul Ekatama Finance (TRUE FINANCE),Bali,Salary Range is not available,https://www.jobstreet.co.id/id/True-Finance-jobs
Senior Manager – Agoda Homes – Bali Based,PT Pagoda Karya Abadi,Bali,Salary Range is not available,https://www.jobstreet.co.id/id/Pagoda-Abadi-Works-jobs
"Head of Account Management, Agoda Homes – Bali Based",PT Pagoda Karya Abadi,Bali,Salary Range is not available,https://www.jobstreet.co.id/id/Pagoda-Abadi-Works-jobs
Admin Logistik,Company Confidential,"Badung, Bali",Salary Range is not available,https://www.jobstreet.co.id/id/jobs?advertiserid=61941078
Marketing & Social media,Company Confidential,"Tegallalang, Bali",Salary Range is not available,https://www.jobstreet.co.id/id/jobs?advertiserid=61941078
Payroll Staff,PT Bali Utama Cakrawala,"Kuta, Bali",Salary Range is not available,https://www.jobstreet.co.id/id/Bali-Utama-Cakrawala-jobs
Permit and Legal Officer,Company Confidential,"Denpasar Barat, Bali",Salary Range is not available,https://www.jobstreet.co.id/id/jobs?advertiserid=61941078
Sales,Company Confidential,"Denpasar Barat, Bali",Salary Range is not available,https://www.jobstreet.co.id/id/jobs?advertiserid=61941078
Chief Accounting & Finance,Company Confidential,"Kuta Selatan, Bali",Salary Range is not available,https://www.jobstreet.co.id/id/jobs?advertiserid=61941078
Kurir,Lion Parcel,Bali,Salary Range is not available,https://www.jobstreet.co.id/id/Lion-Parcel-jobs
Logistics Manager,Company Confidential,"Kuta Selatan, Bali",Salary Range is not available,https://www.jobstreet.co.id/id/jobs?advertiserid=61941078
Site Integrated Planner - LKJ,PT Langgeng Kreasi Jayaprima (Diageo Indonesia),"Tabanan, Bali",Salary Range is not available,https://www.jobstreet.co.id/id/Langgeng-Creations-Jayaprima-jobs
Admin,Company Confidential,"Seminyak, Bali",Salary Range is not available,https://www.jobstreet.co.id/id/jobs?advertiserid=61941078
Chief Accountant,Company Confidential,"Nusa Penida, Bali",Salary Range is not available,https://www.jobstreet.co.id/id/jobs?advertiserid=61941078
IT Developer / Web Programmer,Company Confidential,Bali,Salary Range is not available,https://www.jobstreet.co.id/id/jobs?advertiserid=61941078
Education Counsellor (Australia) - Bali,PT IDP Consulting Indonesia,"Denpasar, Bali",Salary Range is not available,https://www.jobstreet.co.id/id/IDP-Consulting-Indonesia-jobs
Buyer Food & Non Food,Company Confidential,"Kuta Selatan, Bali",Salary Range is not available,https://www.jobstreet.co.id/id/jobs?advertiserid=61941078
Chief Accounting,PT Soejasch Bali,"Denpasar Barat, Bali",Salary Range is not available,https://www.jobstreet.co.id/id/Soejasch-Bali-jobs
Karyawan Laundry,Company Confidential,"Kuta Utara, Bali",Salary Range is not available,https://www.jobstreet.co.id/id/jobs?advertiserid=61941078
Venue Manager,Company Confidential,Bali,Salary Range is not available,https://www.jobstreet.co.id/id/jobs?advertiserid=61941078
Desan Graphic  - Desaign Product admin,Company Confidential,Bali,Salary Range is not available,https://www.jobstreet.co.id/id/jobs?advertiserid=61941078
Admin Tax,PT Bali Utama Cakrawala,"Kuta, Bali",Salary Range is not available,https://www.jobstreet.co.id/id/Bali-Utama-Cakrawala-jobs
Property Sales Admin,Company Confidential,"Kuta Utara, Bali",Salary Range is not available,https://www.jobstreet.co.id/id/jobs?advertiserid=61941078
Acconting Admin,Company Confidential,"Kuta Utara, Bali",Salary Range is not available,https://www.jobstreet.co.id/id/jobs?advertiserid=61941078
Front Office Supervisor,Hilton Bali Resort,"Banjar, Bali",Salary Range is not available,https://www.jobstreet.co.id/id/Hilton-Hotels-&amp;-Resorts-jobs
Administrasi Penagihan / Account Receivable,Company Confidential,Bali,Salary Range is not available,https://www.jobstreet.co.id/id/jobs?advertiserid=61941078
Consultant as Low Carbon Mobility Specialist (Bali-based),World Resources Institute Indonesia,Bali,Salary Range is not available,https://www.jobstreet.co.id/id/World-Resources-Institute-jobs
Information Technology System Administrator,PT Bima Sakti Alterra,"Badung, Bali",Salary Range is not available,https://www.jobstreet.co.id/id/Bima-Sakti-Alterra-jobs
IT SUPPORT,Company Confidential,"Badung, Bali",Salary Range is not available,https://www.jobstreet.co.id/id/jobs?advertiserid=61941078
Sales Koordinator,Company Confidential,"Kuta Selatan, Bali",Salary Range is not available,https://www.jobstreet.co.id/id/jobs?advertiserid=61941078
Venue Manager,Company Confidential,"Kuta Selatan, Bali",Salary Range is not available,https://www.jobstreet.co.id/id/jobs?advertiserid=61941078
Assisten Manager With Accounting Skill,Company Listings ID,"Kuta Utara, Bali",Salary Range is not available,https://www.jobstreet.co.id/id/jobs?advertiserid=61941078
Human Resources Admin,Company Confidential,"Kuta Utara, Bali",Salary Range is not available,https://www.jobstreet.co.id/id/jobs?advertiserid=61941078
Salesforce Developer,Company Confidential,"Kuta Utara, Bali",Salary Range is not available,https://www.jobstreet.co.id/id/jobs?advertiserid=61941078
Tenaga teknis farmasi,Apotek & Klinik Fresh Farma,"Kuta Utara, Bali",Salary Range is not available,https://www.jobstreet.co.id/id/jobs?advertiserid=61124495
Administrasi Dan Accounting,Company Confidential,"Kuta Selatan, Bali",Salary Range is not available,https://www.jobstreet.co.id/id/jobs?advertiserid=61941078
HRD ( Human Resources Department ),Company Confidential,"Seminyak, Bali",Salary Range is not available,https://www.jobstreet.co.id/id/jobs?advertiserid=61941078
Crew Outlet,Company Confidential,Bali,Salary Range is not available,https://www.jobstreet.co.id/id/jobs?advertiserid=61941078
Staff Marketing,Company Confidential,Bali,Salary Range is not available,https://www.jobstreet.co.id/id/jobs?advertiserid=61941078
Staf Videographer Atau Photographer,Politeknik Internasional Bali,"Kuta Utara, Bali",Salary Range is not available,https://www.jobstreet.co.id/id/Politeknik-Internasional-Bali-jobs
Team Leader Karangasem,PT Amartha Mikro Fintek (Jakarta),"Karangasem, Bali",Salary Range is not available,https://www.jobstreet.co.id/id/Amartha-Mikro-Fintek-jobs
Team Leader Bali,PT Amartha Mikro Fintek (Jakarta),Bali,Salary Range is not available,https://www.jobstreet.co.id/id/Amartha-Mikro-Fintek-jobs
Product Owner,Company Confidential,"Kuta Utara, Bali",Salary Range is not available,https://www.jobstreet.co.id/id/jobs?advertiserid=61941078
Kasir,Company Confidential,"Denpasar Selatan, Bali",Salary Range is not available,https://www.jobstreet.co.id/id/jobs?advertiserid=61941078
Head Merchandiser,Company Confidential,"Kuta Utara, Bali",Salary Range is not available,https://www.jobstreet.co.id/id/jobs?advertiserid=61941078
Sales Reprsentative,Company Confidential,"Kuta Utara, Bali",Salary Range is not available,https://www.jobstreet.co.id/id/jobs?advertiserid=61941078
Warehouseman,Company Listings ID,"Denpasar, Bali",Salary Range is not available,https://www.jobstreet.co.id/id/jobs?advertiserid=61941078
ASSISTENT MANAGER,Company Listings ID,"Kuta Utara, Bali",Salary Range is not available,https://www.jobstreet.co.id/id/jobs?advertiserid=61941078
Accounting,Company Listings ID,"Denpasar, Bali",Salary Range is not available,https://www.jobstreet.co.id/id/jobs?advertiserid=61941078
Cashier,Company Listings ID,"Badung, Bali",Salary Range is not available,https://www.jobstreet.co.id/id/jobs?advertiserid=61941078
Content Creator / Graphic Designer,Company Confidential,"Kuta Utara, Bali",Salary Range is not available,https://www.jobstreet.co.id/id/jobs?advertiserid=61941078
Accounting Staff,Company Listings ID,"Kuta Utara, Bali",Salary Range is not available,https://www.jobstreet.co.id/id/jobs?advertiserid=61941078
Financial Officer/Accountant,Company Confidential,"Kuta Selatan, Bali",Salary Range is not available,https://www.jobstreet.co.id/id/jobs?advertiserid=61941078
